image_path,label_path,dataset_name,dice_score,jaccard_score,eval_type
data/refuge/images/cropped_T0380.png,data/refuge/labels/cropped_T0380.png,refuge,0.8337996602058411,0.7149711847305298,cup
data/refuge/images/cropped_V0116.png,data/refuge/labels/cropped_V0116.png,refuge,0.8907729983329773,0.8030574321746826,cup
data/refuge/images/cropped_V0318.png,data/refuge/labels/cropped_V0318.png,refuge,0.8693101406097412,0.7688316106796265,cup
data/refuge/images/cropped_g0031.png,data/refuge/labels/cropped_g0031.png,refuge,0.7691301703453064,0.6248672008514404,cup
data/refuge/images/cropped_V0088.png,data/refuge/labels/cropped_V0088.png,refuge,0.8800469040870667,0.7857890129089355,cup
data/refuge/images/cropped_n0020.png,data/refuge/labels/cropped_n0020.png,refuge,0.9226990938186646,0.8564915060997009,cup
data/refuge/images/cropped_T0067.png,data/refuge/labels/cropped_T0067.png,refuge,0.8684412240982056,0.7674733400344849,cup
data/refuge/images/cropped_V0064.png,data/refuge/labels/cropped_V0064.png,refuge,0.9557003378868103,0.9151591658592224,cup
data/refuge/images/cropped_T0104.png,data/refuge/labels/cropped_T0104.png,refuge,0.8814664483070374,0.7880554795265198,cup
data/refuge/images/cropped_T0003.png,data/refuge/labels/cropped_T0003.png,refuge,0.9453130960464478,0.8962973356246948,cup
data/refuge/images/cropped_T0046.png,data/refuge/labels/cropped_T0046.png,refuge,0.8511887788772583,0.7409301400184631,cup
data/refuge/images/cropped_n0223.png,data/refuge/labels/cropped_n0223.png,refuge,0.8347702622413635,0.7163997292518616,cup
data/refuge/images/cropped_g0005.png,data/refuge/labels/cropped_g0005.png,refuge,0.8760194778442383,0.779390275478363,cup
data/refuge/images/cropped_V0211.png,data/refuge/labels/cropped_V0211.png,refuge,0.9543980956077576,0.912773847579956,cup
data/refuge/images/cropped_V0039.png,data/refuge/labels/cropped_V0039.png,refuge,0.8868306875228882,0.7966718673706055,cup
data/refuge/images/cropped_T0008.png,data/refuge/labels/cropped_T0008.png,refuge,0.8634415864944458,0.7596983909606934,cup
data/refuge/images/cropped_n0007.png,data/refuge/labels/cropped_n0007.png,refuge,0.8987299203872681,0.8160849213600159,cup
data/refuge/images/cropped_T0090.png,data/refuge/labels/cropped_T0090.png,refuge,0.8890839219093323,0.8003159761428833,cup
data/refuge/images/cropped_g0006.png,data/refuge/labels/cropped_g0006.png,refuge,0.9549714922904968,0.9138234257698059,cup
data/refuge/images/cropped_V0272.png,data/refuge/labels/cropped_V0272.png,refuge,0.8833716511726379,0.7911062836647034,cup
data/refuge/images/cropped_V0293.png,data/refuge/labels/cropped_V0293.png,refuge,0.87593674659729,0.7792592644691467,cup
data/refuge/images/cropped_n0048.png,data/refuge/labels/cropped_n0048.png,refuge,0.8691185712814331,0.7685320377349854,cup
data/refuge/images/cropped_T0323.png,data/refuge/labels/cropped_T0323.png,refuge,0.7486199140548706,0.5982354283332825,cup
data/refuge/images/cropped_T0142.png,data/refuge/labels/cropped_T0142.png,refuge,0.8412194848060608,0.7259523868560791,cup
data/refuge/images/cropped_n0293.png,data/refuge/labels/cropped_n0293.png,refuge,0.9490886926651001,0.903110146522522,cup
data/refuge/images/cropped_T0305.png,data/refuge/labels/cropped_T0305.png,refuge,0.867612361907959,0.7661796808242798,cup
data/refuge/images/cropped_V0020.png,data/refuge/labels/cropped_V0020.png,refuge,0.8591434359550476,0.7530688047409058,cup
data/refuge/images/cropped_T0176.png,data/refuge/labels/cropped_T0176.png,refuge,0.9528427124023438,0.9099327325820923,cup
data/refuge/images/cropped_V0367.png,data/refuge/labels/cropped_V0367.png,refuge,0.8639590740203857,0.7604999542236328,cup
data/refuge/images/cropped_g0030.png,data/refuge/labels/cropped_g0030.png,refuge,0.8187671303749084,0.6931462287902832,cup
data/refuge/images/cropped_V0375.png,data/refuge/labels/cropped_V0375.png,refuge,0.9585303664207458,0.920363187789917,cup
data/refuge/images/cropped_V0186.png,data/refuge/labels/cropped_V0186.png,refuge,0.8402093052864075,0.724449098110199,cup
data/refuge/images/cropped_V0326.png,data/refuge/labels/cropped_V0326.png,refuge,0.7741858959197998,0.6315687298774719,cup
data/refuge/images/cropped_V0164.png,data/refuge/labels/cropped_V0164.png,refuge,0.8572674989700317,0.7501908540725708,cup
data/refuge/images/cropped_T0310.png,data/refuge/labels/cropped_T0310.png,refuge,0.9681191444396973,0.938208281993866,cup
data/refuge/images/cropped_n0214.png,data/refuge/labels/cropped_n0214.png,refuge,0.9391806125640869,0.8853350877761841,cup
data/refuge/images/cropped_V0235.png,data/refuge/labels/cropped_V0235.png,refuge,0.8547930121421814,0.7464092373847961,cup
data/refuge/images/cropped_V0220.png,data/refuge/labels/cropped_V0220.png,refuge,0.9499447345733643,0.9046616554260254,cup
data/refuge/images/cropped_n0237.png,data/refuge/labels/cropped_n0237.png,refuge,0.8866726160049438,0.7964168190956116,cup
data/refuge/images/cropped_T0098.png,data/refuge/labels/cropped_T0098.png,refuge,0.8077832460403442,0.67754727602005,cup
data/refuge/images/cropped_V0040.png,data/refuge/labels/cropped_V0040.png,refuge,0.9000765085220337,0.8183082342147827,cup
data/refuge/images/cropped_V0227.png,data/refuge/labels/cropped_V0227.png,refuge,0.8939284682273865,0.8082013130187988,cup
data/refuge/images/cropped_V0027.png,data/refuge/labels/cropped_V0027.png,refuge,0.7244672775268555,0.5679723620414734,cup
data/refuge/images/cropped_V0361.png,data/refuge/labels/cropped_V0361.png,refuge,0.9369107484817505,0.8813096284866333,cup
data/refuge/images/cropped_T0095.png,data/refuge/labels/cropped_T0095.png,refuge,0.8949933052062988,0.8099437952041626,cup
data/refuge/images/cropped_n0231.png,data/refuge/labels/cropped_n0231.png,refuge,0.9285905361175537,0.8666999340057373,cup
data/refuge/images/cropped_V0327.png,data/refuge/labels/cropped_V0327.png,refuge,0.9770597815513611,0.9551483988761902,cup
data/refuge/images/cropped_V0184.png,data/refuge/labels/cropped_V0184.png,refuge,0.9064643979072571,0.8289299011230469,cup
data/refuge/images/cropped_n0194.png,data/refuge/labels/cropped_n0194.png,refuge,0.8926674127578735,0.8061420917510986,cup
data/refuge/images/cropped_T0352.png,data/refuge/labels/cropped_T0352.png,refuge,0.8807529211044312,0.7869155406951904,cup
data/refuge/images/cropped_V0391.png,data/refuge/labels/cropped_V0391.png,refuge,0.9222935438156128,0.8557928800582886,cup
data/refuge/images/cropped_V0110.png,data/refuge/labels/cropped_V0110.png,refuge,0.9137138724327087,0.841135561466217,cup
data/refuge/images/cropped_V0099.png,data/refuge/labels/cropped_V0099.png,refuge,0.8879539966583252,0.7984867691993713,cup
data/refuge/images/cropped_V0209.png,data/refuge/labels/cropped_V0209.png,refuge,0.9197277426719666,0.8513851761817932,cup
data/refuge/images/cropped_T0097.png,data/refuge/labels/cropped_T0097.png,refuge,0.9061474204063416,0.8283998966217041,cup
data/refuge/images/cropped_n0258.png,data/refuge/labels/cropped_n0258.png,refuge,0.7660472989082336,0.6208077073097229,cup
data/refuge/images/cropped_n0103.png,data/refuge/labels/cropped_n0103.png,refuge,0.9332053065299988,0.8747749328613281,cup
data/refuge/images/cropped_T0137.png,data/refuge/labels/cropped_T0137.png,refuge,0.8817108273506165,0.7884461879730225,cup
data/refuge/images/cropped_T0186.png,data/refuge/labels/cropped_T0186.png,refuge,0.8115323185920715,0.6828392148017883,cup
data/refuge/images/cropped_n0101.png,data/refuge/labels/cropped_n0101.png,refuge,0.9592669010162354,0.9217222929000854,cup
data/refuge/images/cropped_T0153.png,data/refuge/labels/cropped_T0153.png,refuge,0.8734926581382751,0.7753989696502686,cup
data/refuge/images/cropped_T0398.png,data/refuge/labels/cropped_T0398.png,refuge,0.7606142163276672,0.6137025356292725,cup
data/refuge/images/cropped_n0126.png,data/refuge/labels/cropped_n0126.png,refuge,0.8872228264808655,0.7973049879074097,cup
data/refuge/images/cropped_V0297.png,data/refuge/labels/cropped_V0297.png,refuge,0.8459728360176086,0.7330614328384399,cup
data/refuge/images/cropped_T0292.png,data/refuge/labels/cropped_T0292.png,refuge,0.9343456029891968,0.8767811059951782,cup
data/refuge/images/cropped_n0243.png,data/refuge/labels/cropped_n0243.png,refuge,0.8904585838317871,0.802546501159668,cup
data/refuge/images/cropped_V0225.png,data/refuge/labels/cropped_V0225.png,refuge,0.8939226865768433,0.8081918358802795,cup
data/refuge/images/cropped_T0353.png,data/refuge/labels/cropped_T0353.png,refuge,0.8561975955963135,0.7485537528991699,cup
data/refuge/images/cropped_V0379.png,data/refuge/labels/cropped_V0379.png,refuge,0.8594160079956055,0.7534877061843872,cup
data/refuge/images/cropped_n0181.png,data/refuge/labels/cropped_n0181.png,refuge,0.8885924816131592,0.799519956111908,cup
data/refuge/images/cropped_V0150.png,data/refuge/labels/cropped_V0150.png,refuge,0.9504970908164978,0.9056640267372131,cup
data/refuge/images/cropped_T0231.png,data/refuge/labels/cropped_T0231.png,refuge,0.8781309127807617,0.7827392220497131,cup
data/refuge/images/cropped_V0058.png,data/refuge/labels/cropped_V0058.png,refuge,0.9437673091888428,0.8935222029685974,cup
data/refuge/images/cropped_n0285.png,data/refuge/labels/cropped_n0285.png,refuge,0.887640655040741,0.7979801297187805,cup
data/refuge/images/cropped_n0019.png,data/refuge/labels/cropped_n0019.png,refuge,0.7682674527168274,0.6237291097640991,cup
data/refuge/images/cropped_V0109.png,data/refuge/labels/cropped_V0109.png,refuge,0.8732797503471375,0.7750635147094727,cup
data/refuge/images/cropped_n0346.png,data/refuge/labels/cropped_n0346.png,refuge,0.7462334036827087,0.5951932072639465,cup
data/refuge/images/cropped_T0392.png,data/refuge/labels/cropped_T0392.png,refuge,0.8928297758102417,0.8064069151878357,cup
data/refuge/images/cropped_T0130.png,data/refuge/labels/cropped_T0130.png,refuge,0.891532838344574,0.8042934536933899,cup
data/refuge/images/cropped_V0233.png,data/refuge/labels/cropped_V0233.png,refuge,0.8534489274024963,0.744361937046051,cup
data/refuge/images/cropped_n0316.png,data/refuge/labels/cropped_n0316.png,refuge,0.6422376036643982,0.4730117619037628,cup
data/refuge/images/cropped_n0239.png,data/refuge/labels/cropped_n0239.png,refuge,0.7513650059700012,0.6017491221427917,cup
data/refuge/images/cropped_T0312.png,data/refuge/labels/cropped_T0312.png,refuge,0.8297228813171387,0.7089968919754028,cup
data/refuge/images/cropped_V0262.png,data/refuge/labels/cropped_V0262.png,refuge,0.8485684990882874,0.7369683384895325,cup
data/refuge/images/cropped_T0278.png,data/refuge/labels/cropped_T0278.png,refuge,0.9116997122764587,0.8377280831336975,cup
data/refuge/images/cropped_T0112.png,data/refuge/labels/cropped_T0112.png,refuge,0.9478527307510376,0.9008745551109314,cup
data/refuge/images/cropped_g0039.png,data/refuge/labels/cropped_g0039.png,refuge,0.8845903277397156,0.7930631637573242,cup
data/refuge/images/cropped_V0176.png,data/refuge/labels/cropped_V0176.png,refuge,0.9082075953483582,0.8318500518798828,cup
data/refuge/images/cropped_n0024.png,data/refuge/labels/cropped_n0024.png,refuge,0.9108409285545349,0.8362790942192078,cup
data/refuge/images/cropped_V0205.png,data/refuge/labels/cropped_V0205.png,refuge,0.9210962653160095,0.853733479976654,cup
data/refuge/images/cropped_n0030.png,data/refuge/labels/cropped_n0030.png,refuge,0.8659904599189758,0.763653576374054,cup
data/refuge/images/cropped_n0040.png,data/refuge/labels/cropped_n0040.png,refuge,0.7524427175521851,0.6031327843666077,cup
data/refuge/images/cropped_T0179.png,data/refuge/labels/cropped_T0179.png,refuge,0.9299950003623962,0.8691501617431641,cup
data/refuge/images/cropped_V0218.png,data/refuge/labels/cropped_V0218.png,refuge,0.9315955638885498,0.8719502687454224,cup
data/refuge/images/cropped_g0029.png,data/refuge/labels/cropped_g0029.png,refuge,0.9316188097000122,0.871990978717804,cup
data/refuge/images/cropped_g0025.png,data/refuge/labels/cropped_g0025.png,refuge,0.8992888331413269,0.8170071244239807,cup
data/refuge/images/cropped_T0338.png,data/refuge/labels/cropped_T0338.png,refuge,0.8913666605949402,0.8040229678153992,cup
data/refuge/images/cropped_g0017.png,data/refuge/labels/cropped_g0017.png,refuge,0.9023346304893494,0.8220489025115967,cup
data/refuge/images/cropped_n0290.png,data/refuge/labels/cropped_n0290.png,refuge,0.8336597681045532,0.7147654891014099,cup
data/refuge/images/cropped_T0087.png,data/refuge/labels/cropped_T0087.png,refuge,0.9316053986549377,0.8719674944877625,cup
data/refuge/images/cropped_n0094.png,data/refuge/labels/cropped_n0094.png,refuge,0.8308038711547852,0.7105769515037537,cup
data/refuge/images/cropped_n0017.png,data/refuge/labels/cropped_n0017.png,refuge,0.7740777134895325,0.6314247250556946,cup
data/refuge/images/cropped_T0139.png,data/refuge/labels/cropped_T0139.png,refuge,0.844783365726471,0.7312769889831543,cup
data/refuge/images/cropped_V0380.png,data/refuge/labels/cropped_V0380.png,refuge,0.7099290490150452,0.5503023266792297,cup
data/refuge/images/cropped_T0040.png,data/refuge/labels/cropped_T0040.png,refuge,0.9086236357688904,0.8325484395027161,cup
data/refuge/images/cropped_n0144.png,data/refuge/labels/cropped_n0144.png,refuge,0.8862702250480652,0.7957677841186523,cup
data/refuge/images/cropped_n0331.png,data/refuge/labels/cropped_n0331.png,refuge,0.9353249669075012,0.8785074949264526,cup
data/refuge/images/cropped_g0008.png,data/refuge/labels/cropped_g0008.png,refuge,0.9697461128234863,0.941269040107727,cup
data/refuge/images/cropped_T0273.png,data/refuge/labels/cropped_T0273.png,refuge,0.8939628005027771,0.8082574605941772,cup
data/refuge/images/cropped_T0071.png,data/refuge/labels/cropped_T0071.png,refuge,0.8796213865280151,0.7851108312606812,cup
data/refuge/images/cropped_n0111.png,data/refuge/labels/cropped_n0111.png,refuge,0.8529143929481506,0.7435490489006042,cup
data/refuge/images/cropped_T0325.png,data/refuge/labels/cropped_T0325.png,refuge,0.8886382579803467,0.7995940446853638,cup
data/refuge/images/cropped_n0032.png,data/refuge/labels/cropped_n0032.png,refuge,0.8815197348594666,0.788140594959259,cup
data/refuge/images/cropped_T0050.png,data/refuge/labels/cropped_T0050.png,refuge,0.7864579558372498,0.6480681300163269,cup
data/refuge/images/cropped_T0198.png,data/refuge/labels/cropped_T0198.png,refuge,0.7601076364517212,0.6130432486534119,cup
data/refuge/images/cropped_V0371.png,data/refuge/labels/cropped_V0371.png,refuge,0.866885781288147,0.7650471329689026,cup
data/refuge/images/cropped_n0050.png,data/refuge/labels/cropped_n0050.png,refuge,0.9459131360054016,0.8973768353462219,cup
data/refuge/images/cropped_V0041.png,data/refuge/labels/cropped_V0041.png,refuge,0.9631024599075317,0.9288308620452881,cup
data/refuge/images/cropped_V0142.png,data/refuge/labels/cropped_V0142.png,refuge,0.8839308619499207,0.7920036315917969,cup
data/refuge/images/cropped_n0238.png,data/refuge/labels/cropped_n0238.png,refuge,0.8317195773124695,0.7119177579879761,cup
data/g1020/images/cropped_image_2685.png,data/g1020/labels/cropped_image_2685.png,g1020,0.7523936629295349,0.6030697822570801,cup
data/g1020/images/cropped_image_1554.png,data/g1020/labels/cropped_image_1554.png,g1020,0.0,0.0,cup
data/g1020/images/cropped_image_2827.png,data/g1020/labels/cropped_image_2827.png,g1020,0.8025509715080261,0.6702172160148621,cup
data/g1020/images/cropped_image_2085.png,data/g1020/labels/cropped_image_2085.png,g1020,0.0,0.0,cup
data/g1020/images/cropped_image_1742.png,data/g1020/labels/cropped_image_1742.png,g1020,0.7316498756408691,0.5768516659736633,cup
data/g1020/images/cropped_image_2512.png,data/g1020/labels/cropped_image_2512.png,g1020,0.8170895576477051,0.6907450556755066,cup
data/g1020/images/cropped_image_2528.png,data/g1020/labels/cropped_image_2528.png,g1020,0.0,0.0,cup
data/g1020/images/cropped_image_1088.png,data/g1020/labels/cropped_image_1088.png,g1020,0.8528398275375366,0.7434356808662415,cup
data/g1020/images/cropped_image_226.png,data/g1020/labels/cropped_image_226.png,g1020,0.0,0.0,cup
data/g1020/images/cropped_image_3022.png,data/g1020/labels/cropped_image_3022.png,g1020,0.9171923398971558,0.8470500707626343,cup
data/g1020/images/cropped_image_2654.png,data/g1020/labels/cropped_image_2654.png,g1020,0.7793519496917725,0.6384739279747009,cup
data/g1020/images/cropped_image_2164.png,data/g1020/labels/cropped_image_2164.png,g1020,0.8374719023704529,0.7203885316848755,cup
data/g1020/images/cropped_image_337.png,data/g1020/labels/cropped_image_337.png,g1020,0.9475184679031372,0.9002708792686462,cup
data/g1020/images/cropped_image_1366.png,data/g1020/labels/cropped_image_1366.png,g1020,0.8905515670776367,0.8026975393295288,cup
data/g1020/images/cropped_image_125.png,data/g1020/labels/cropped_image_125.png,g1020,0.0,0.0,cup
data/g1020/images/cropped_image_1225.png,data/g1020/labels/cropped_image_1225.png,g1020,0.9005885124206543,0.8191550970077515,cup
data/g1020/images/cropped_image_3168.png,data/g1020/labels/cropped_image_3168.png,g1020,0.9663382768630981,0.9348689913749695,cup
data/g1020/images/cropped_image_193.png,data/g1020/labels/cropped_image_193.png,g1020,0.8445978164672852,0.7309989333152771,cup
data/g1020/images/cropped_image_3058.png,data/g1020/labels/cropped_image_3058.png,g1020,0.7842007279396057,0.6450083255767822,cup
data/g1020/images/cropped_image_1139.png,data/g1020/labels/cropped_image_1139.png,g1020,0.0,0.0,cup
data/g1020/images/cropped_image_223.png,data/g1020/labels/cropped_image_223.png,g1020,0.9192640781402588,0.8505908250808716,cup
data/g1020/images/cropped_image_3184.png,data/g1020/labels/cropped_image_3184.png,g1020,0.9242961406707764,0.8592477440834045,cup
data/g1020/images/cropped_image_2711.png,data/g1020/labels/cropped_image_2711.png,g1020,0.7882631421089172,0.6505233645439148,cup
data/g1020/images/cropped_image_2901.png,data/g1020/labels/cropped_image_2901.png,g1020,0.7883249521255493,0.6506075859069824,cup
data/g1020/images/cropped_image_265.png,data/g1020/labels/cropped_image_265.png,g1020,0.8664272427558899,0.7643331289291382,cup
data/g1020/images/cropped_image_483.png,data/g1020/labels/cropped_image_483.png,g1020,0.776393711566925,0.6345126628875732,cup
data/g1020/images/cropped_image_916.png,data/g1020/labels/cropped_image_916.png,g1020,0.9026590585708618,0.8225876688957214,cup
data/g1020/images/cropped_image_1230.png,data/g1020/labels/cropped_image_1230.png,g1020,0.7662610411643982,0.6210885047912598,cup
data/g1020/images/cropped_image_2687.png,data/g1020/labels/cropped_image_2687.png,g1020,0.0,0.0,cup
data/g1020/images/cropped_image_2736.png,data/g1020/labels/cropped_image_2736.png,g1020,0.0,0.0,cup
data/g1020/images/cropped_image_1333.png,data/g1020/labels/cropped_image_1333.png,g1020,0.9116867780685425,0.8377062678337097,cup
data/g1020/images/cropped_image_964.png,data/g1020/labels/cropped_image_964.png,g1020,0.9016677141189575,0.8209425806999207,cup
data/g1020/images/cropped_image_981.png,data/g1020/labels/cropped_image_981.png,g1020,0.9176636338233948,0.8478544354438782,cup
data/g1020/images/cropped_image_2041.png,data/g1020/labels/cropped_image_2041.png,g1020,0.8859831094741821,0.7953048944473267,cup
data/g1020/images/cropped_image_1912.png,data/g1020/labels/cropped_image_1912.png,g1020,0.0,0.0,cup
data/g1020/images/cropped_image_878.png,data/g1020/labels/cropped_image_878.png,g1020,0.8536235094070435,0.7446275353431702,cup
data/g1020/images/cropped_image_2362.png,data/g1020/labels/cropped_image_2362.png,g1020,0.9098700881004333,0.8346437215805054,cup
data/g1020/images/cropped_image_769.png,data/g1020/labels/cropped_image_769.png,g1020,0.8717767596244812,0.7726987600326538,cup
data/g1020/images/cropped_image_1360.png,data/g1020/labels/cropped_image_1360.png,g1020,0.8396109938621521,0.7235599160194397,cup
data/g1020/images/cropped_image_3199.png,data/g1020/labels/cropped_image_3199.png,g1020,0.7105993628501892,0.5511083006858826,cup
data/g1020/images/cropped_image_806.png,data/g1020/labels/cropped_image_806.png,g1020,0.0,0.0,cup
data/g1020/images/cropped_image_2694.png,data/g1020/labels/cropped_image_2694.png,g1020,0.8789746165275574,0.7840809226036072,cup
data/g1020/images/cropped_image_2141.png,data/g1020/labels/cropped_image_2141.png,g1020,0.0,0.0,cup
data/g1020/images/cropped_image_1843.png,data/g1020/labels/cropped_image_1843.png,g1020,0.0,0.0,cup
data/g1020/images/cropped_image_1508.png,data/g1020/labels/cropped_image_1508.png,g1020,0.0,0.0,cup
data/g1020/images/cropped_image_2424.png,data/g1020/labels/cropped_image_2424.png,g1020,0.8066076636314392,0.6758947968482971,cup
data/g1020/images/cropped_image_48.png,data/g1020/labels/cropped_image_48.png,g1020,0.9009503722190857,0.8197540044784546,cup
data/g1020/images/cropped_image_1160.png,data/g1020/labels/cropped_image_1160.png,g1020,0.835074245929718,0.7168476581573486,cup
data/g1020/images/cropped_image_328.png,data/g1020/labels/cropped_image_328.png,g1020,0.9409528374671936,0.8884900212287903,cup
data/g1020/images/cropped_image_2880.png,data/g1020/labels/cropped_image_2880.png,g1020,0.8936317563056946,0.807716429233551,cup
data/g1020/images/cropped_image_704.png,data/g1020/labels/cropped_image_704.png,g1020,0.8283883929252625,0.7070503830909729,cup
data/g1020/images/cropped_image_2172.png,data/g1020/labels/cropped_image_2172.png,g1020,0.9451075792312622,0.8959279656410217,cup
data/g1020/images/cropped_image_2019.png,data/g1020/labels/cropped_image_2019.png,g1020,0.0,0.0,cup
data/g1020/images/cropped_image_2314.png,data/g1020/labels/cropped_image_2314.png,g1020,0.8583677411079407,0.7518776059150696,cup
data/g1020/images/cropped_image_3024.png,data/g1020/labels/cropped_image_3024.png,g1020,0.866677463054657,0.7647227048873901,cup
data/g1020/images/cropped_image_2569.png,data/g1020/labels/cropped_image_2569.png,g1020,0.0,0.0,cup
data/g1020/images/cropped_image_2514.png,data/g1020/labels/cropped_image_2514.png,g1020,0.8750144243240356,0.7778005599975586,cup
data/g1020/images/cropped_image_882.png,data/g1020/labels/cropped_image_882.png,g1020,0.873783528804779,0.7758575677871704,cup
data/g1020/images/cropped_image_1401.png,data/g1020/labels/cropped_image_1401.png,g1020,0.7329267859458923,0.5784407258033752,cup
data/g1020/images/cropped_image_959.png,data/g1020/labels/cropped_image_959.png,g1020,0.8728668093681335,0.7744132280349731,cup
data/g1020/images/cropped_image_459.png,data/g1020/labels/cropped_image_459.png,g1020,0.9010578989982605,0.8199321031570435,cup
data/g1020/images/cropped_image_2039.png,data/g1020/labels/cropped_image_2039.png,g1020,0.0,0.0,cup
data/g1020/images/cropped_image_1004.png,data/g1020/labels/cropped_image_1004.png,g1020,0.8156723380088806,0.6887218356132507,cup
data/g1020/images/cropped_image_293.png,data/g1020/labels/cropped_image_293.png,g1020,0.8135080933570862,0.6856414675712585,cup
data/g1020/images/cropped_image_457.png,data/g1020/labels/cropped_image_457.png,g1020,0.8494970202445984,0.7383701801300049,cup
data/g1020/images/cropped_image_2407.png,data/g1020/labels/cropped_image_2407.png,g1020,0.8543681502342224,0.745761513710022,cup
data/g1020/images/cropped_image_494.png,data/g1020/labels/cropped_image_494.png,g1020,0.9662202000617981,0.9346480369567871,cup
data/g1020/images/cropped_image_2915.png,data/g1020/labels/cropped_image_2915.png,g1020,0.8969982266426086,0.8132337331771851,cup
data/g1020/images/cropped_image_2033.png,data/g1020/labels/cropped_image_2033.png,g1020,0.0,0.0,cup
data/g1020/images/cropped_image_1218.png,data/g1020/labels/cropped_image_1218.png,g1020,0.8204165101051331,0.6955137252807617,cup
data/g1020/images/cropped_image_237.png,data/g1020/labels/cropped_image_237.png,g1020,0.7442784309387207,0.5927097797393799,cup
data/g1020/images/cropped_image_561.png,data/g1020/labels/cropped_image_561.png,g1020,0.0,0.0,cup
data/g1020/images/cropped_image_3124.png,data/g1020/labels/cropped_image_3124.png,g1020,0.9143061637878418,0.8421400189399719,cup
data/g1020/images/cropped_image_492.png,data/g1020/labels/cropped_image_492.png,g1020,0.0,0.0,cup
data/g1020/images/cropped_image_1378.png,data/g1020/labels/cropped_image_1378.png,g1020,0.864900529384613,0.7619600892066956,cup
data/g1020/images/cropped_image_55.png,data/g1020/labels/cropped_image_55.png,g1020,0.9356145262718201,0.8790185451507568,cup
data/g1020/images/cropped_image_2575.png,data/g1020/labels/cropped_image_2575.png,g1020,0.9331772327423096,0.8747256994247437,cup
data/g1020/images/cropped_image_2701.png,data/g1020/labels/cropped_image_2701.png,g1020,0.871555745601654,0.7723516225814819,cup
data/g1020/images/cropped_image_2202.png,data/g1020/labels/cropped_image_2202.png,g1020,0.0,0.0,cup
data/g1020/images/cropped_image_230.png,data/g1020/labels/cropped_image_230.png,g1020,0.7572253346443176,0.6093022227287292,cup
data/g1020/images/cropped_image_1722.png,data/g1020/labels/cropped_image_1722.png,g1020,0.7595682740211487,0.6123418807983398,cup
data/g1020/images/cropped_image_1747.png,data/g1020/labels/cropped_image_1747.png,g1020,0.7816211581230164,0.6415255665779114,cup
data/g1020/images/cropped_image_1896.png,data/g1020/labels/cropped_image_1896.png,g1020,0.0,0.0,cup
data/g1020/images/cropped_image_2117.png,data/g1020/labels/cropped_image_2117.png,g1020,0.7780158519744873,0.636682391166687,cup
data/g1020/images/cropped_image_903.png,data/g1020/labels/cropped_image_903.png,g1020,0.7957260012626648,0.6607516407966614,cup
data/g1020/images/cropped_image_2689.png,data/g1020/labels/cropped_image_2689.png,g1020,0.0,0.0,cup
data/g1020/images/cropped_image_22.png,data/g1020/labels/cropped_image_22.png,g1020,0.4896014332771301,0.3241538107395172,cup
data/g1020/images/cropped_image_2808.png,data/g1020/labels/cropped_image_2808.png,g1020,0.8605997562408447,0.7553094625473022,cup
data/g1020/images/cropped_image_2913.png,data/g1020/labels/cropped_image_2913.png,g1020,0.6863283514976501,0.5224504470825195,cup
data/g1020/images/cropped_image_2065.png,data/g1020/labels/cropped_image_2065.png,g1020,0.0,0.0,cup
data/g1020/images/cropped_image_2414.png,data/g1020/labels/cropped_image_2414.png,g1020,0.8408502340316772,0.7254025936126709,cup
data/g1020/images/cropped_image_1421.png,data/g1020/labels/cropped_image_1421.png,g1020,0.9467447996139526,0.8988750576972961,cup
data/g1020/images/cropped_image_1697.png,data/g1020/labels/cropped_image_1697.png,g1020,0.8435990810394287,0.7295039296150208,cup
data/g1020/images/cropped_image_2552.png,data/g1020/labels/cropped_image_2552.png,g1020,0.7292139530181885,0.5738289952278137,cup
data/g1020/images/cropped_image_598.png,data/g1020/labels/cropped_image_598.png,g1020,0.8957358002662659,0.8111608028411865,cup
data/g1020/images/cropped_image_2434.png,data/g1020/labels/cropped_image_2434.png,g1020,0.0,0.0,cup
data/g1020/images/cropped_image_295.png,data/g1020/labels/cropped_image_295.png,g1020,0.8898503184318542,0.8015588521957397,cup
data/g1020/images/cropped_image_1359.png,data/g1020/labels/cropped_image_1359.png,g1020,0.6691135764122009,0.5027577877044678,cup
data/g1020/images/cropped_image_2787.png,data/g1020/labels/cropped_image_2787.png,g1020,0.7801596522331238,0.6395587921142578,cup
data/g1020/images/cropped_image_815.png,data/g1020/labels/cropped_image_815.png,g1020,0.8714556097984314,0.7721943855285645,cup
data/g1020/images/cropped_image_1227.png,data/g1020/labels/cropped_image_1227.png,g1020,0.5089156627655029,0.3413057327270508,cup
data/g1020/images/cropped_image_1700.png,data/g1020/labels/cropped_image_1700.png,g1020,0.0,0.0,cup
data/rimone_dl/images/cropped_r2_Im232.png,data/rimone_dl/labels/cropped_r2_Im232_cd.png,rimone,0.6012181639671326,0.4298155605792999,cup
data/rimone_dl/images/cropped_r3_N-43-L_left_half.png,data/rimone_dl/labels/cropped_r3_N-43-L_left_half_cd.png,rimone,0.8169279098510742,0.6905140280723572,cup
data/rimone_dl/images/cropped_r3_N-44-R_left_half.png,data/rimone_dl/labels/cropped_r3_N-44-R_left_half_cd.png,rimone,0.7234264612197876,0.566693902015686,cup
data/rimone_dl/images/cropped_r3_S-31-L_left_half.png,data/rimone_dl/labels/cropped_r3_S-31-L_left_half_cd.png,rimone,0.9494056105613708,0.9036841988563538,cup
data/rimone_dl/images/cropped_r3_S-2-L_left_half.png,data/rimone_dl/labels/cropped_r3_S-2-L_left_half_cd.png,rimone,0.902043342590332,0.8215655088424683,cup
data/rimone_dl/images/cropped_r2_Im407.png,data/rimone_dl/labels/cropped_r2_Im407_cd.png,rimone,0.8524476289749146,0.7428398132324219,cup
data/rimone_dl/images/cropped_r2_Im324.png,data/rimone_dl/labels/cropped_r2_Im324_cd.png,rimone,0.7261688709259033,0.5700668096542358,cup
data/rimone_dl/images/cropped_r2_Im034.png,data/rimone_dl/labels/cropped_r2_Im034_cd.png,rimone,0.6787513494491577,0.5137196183204651,cup
data/rimone_dl/images/cropped_r2_Im388.png,data/rimone_dl/labels/cropped_r2_Im388_cd.png,rimone,0.9417070150375366,0.8898358941078186,cup
data/rimone_dl/images/cropped_r2_Im319.png,data/rimone_dl/labels/cropped_r2_Im319_cd.png,rimone,0.7808493375778198,0.6404862999916077,cup
data/rimone_dl/images/cropped_r2_Im270.png,data/rimone_dl/labels/cropped_r2_Im270_cd.png,rimone,0.9523715972900391,0.9090738296508789,cup
data/rimone_dl/images/cropped_r1_Im129.png,data/rimone_dl/labels/cropped_r1_Im129_cd.png,rimone,0.7052030563354492,0.544643759727478,cup
data/rimone_dl/images/cropped_r3_S-25-L_left_half.png,data/rimone_dl/labels/cropped_r3_S-25-L_left_half_cd.png,rimone,0.9677697420120239,0.9375522136688232,cup
data/rimone_dl/images/cropped_r3_G-38-L_left_half.png,data/rimone_dl/labels/cropped_r3_G-38-L_left_half_cd.png,rimone,0.8341538310050964,0.7154921889305115,cup
data/rimone_dl/images/cropped_r2_Im074.png,data/rimone_dl/labels/cropped_r2_Im074_cd.png,rimone,0.7876498699188232,0.6496884226799011,cup
data/rimone_dl/images/cropped_r3_N-81-L_left_half.png,data/rimone_dl/labels/cropped_r3_N-81-L_left_half_cd.png,rimone,0.8922867178916931,0.8055213093757629,cup
data/rimone_dl/images/cropped_r2_Im019.png,data/rimone_dl/labels/cropped_r2_Im019_cd.png,rimone,0.5565269589424133,0.3855471909046173,cup
data/rimone_dl/images/cropped_r3_N-56-R_left_half.png,data/rimone_dl/labels/cropped_r3_N-56-R_left_half_cd.png,rimone,0.8664684891700745,0.7643973231315613,cup
data/rimone_dl/images/cropped_r2_Im305.png,data/rimone_dl/labels/cropped_r2_Im305_cd.png,rimone,0.9419354796409607,0.8902438879013062,cup
data/rimone_dl/images/cropped_r2_Im230.png,data/rimone_dl/labels/cropped_r2_Im230_cd.png,rimone,0.1638365536928177,0.08922765403985977,cup
data/rimone_dl/images/cropped_r2_Im403.png,data/rimone_dl/labels/cropped_r2_Im403_cd.png,rimone,0.9298040866851807,0.8688166737556458,cup
data/rimone_dl/images/cropped_r3_N-65-L_left_half.png,data/rimone_dl/labels/cropped_r3_N-65-L_left_half_cd.png,rimone,0.5380573868751526,0.3680427372455597,cup
data/rimone_dl/images/cropped_r2_Im098.png,data/rimone_dl/labels/cropped_r2_Im098_cd.png,rimone,0.44632014632225037,0.28726649284362793,cup
data/rimone_dl/images/cropped_r2_Im357.png,data/rimone_dl/labels/cropped_r2_Im357_cd.png,rimone,0.8412635922431946,0.7260180711746216,cup
data/rimone_dl/images/cropped_r3_N-59-L_left_half.png,data/rimone_dl/labels/cropped_r3_N-59-L_left_half_cd.png,rimone,0.5569309592247009,0.38593506813049316,cup
data/rimone_dl/images/cropped_r1_Im008.png,data/rimone_dl/labels/cropped_r1_Im008_cd.png,rimone,0.8062117695808411,0.6753390431404114,cup
data/rimone_dl/images/cropped_r3_S-18-L_left_half.png,data/rimone_dl/labels/cropped_r3_S-18-L_left_half_cd.png,rimone,0.9102581739425659,0.8352970480918884,cup
data/rimone_dl/images/cropped_r2_Im393.png,data/rimone_dl/labels/cropped_r2_Im393_cd.png,rimone,0.8913062810897827,0.8039246797561646,cup
data/rimone_dl/images/cropped_r2_Im118.png,data/rimone_dl/labels/cropped_r2_Im118_cd.png,rimone,0.5005285143852234,0.33380329608917236,cup
data/rimone_dl/images/cropped_r2_Im040.png,data/rimone_dl/labels/cropped_r2_Im040_cd.png,rimone,0.5264919996261597,0.3573051691055298,cup
data/rimone_dl/images/cropped_r2_Im132.png,data/rimone_dl/labels/cropped_r2_Im132_cd.png,rimone,0.5302597284317017,0.360784649848938,cup
data/rimone_dl/images/cropped_r1_Im069.png,data/rimone_dl/labels/cropped_r1_Im069_cd.png,rimone,0.90533846616745,0.8270487785339355,cup
data/rimone_dl/images/cropped_r2_Im005.png,data/rimone_dl/labels/cropped_r2_Im005_cd.png,rimone,0.6427436470985413,0.47356101870536804,cup
data/rimone_dl/images/cropped_r3_N-76-R_left_half.png,data/rimone_dl/labels/cropped_r3_N-76-R_left_half_cd.png,rimone,0.35010549426078796,0.21219870448112488,cup
data/rimone_dl/images/cropped_r2_Im257.png,data/rimone_dl/labels/cropped_r2_Im257_cd.png,rimone,0.8549448847770691,0.7466408014297485,cup
data/rimone_dl/images/cropped_r3_N-70-R_left_half.png,data/rimone_dl/labels/cropped_r3_N-70-R_left_half_cd.png,rimone,0.3077196180820465,0.18183724582195282,cup
data/rimone_dl/images/cropped_r3_S-35-R_left_half.png,data/rimone_dl/labels/cropped_r3_S-35-R_left_half_cd.png,rimone,0.928059995174408,0.865776002407074,cup
data/rimone_dl/images/cropped_r1_Im062.png,data/rimone_dl/labels/cropped_r1_Im062_cd.png,rimone,0.8238580226898193,0.7004749774932861,cup
data/rimone_dl/images/cropped_r3_G-33-R_left_half.png,data/rimone_dl/labels/cropped_r3_G-33-R_left_half_cd.png,rimone,0.8668279647827148,0.764957070350647,cup
data/rimone_dl/images/cropped_r2_Im351.png,data/rimone_dl/labels/cropped_r2_Im351_cd.png,rimone,0.9223031401634216,0.8558095097541809,cup
data/rimone_dl/images/cropped_r2_Im356.png,data/rimone_dl/labels/cropped_r2_Im356_cd.png,rimone,0.8662809133529663,0.7641054391860962,cup
data/rimone_dl/images/cropped_r2_Im003.png,data/rimone_dl/labels/cropped_r2_Im003_cd.png,rimone,0.7915434241294861,0.6550036072731018,cup
data/rimone_dl/images/cropped_r3_N-72-R_left_half.png,data/rimone_dl/labels/cropped_r3_N-72-R_left_half_cd.png,rimone,0.9035400152206421,0.8240519762039185,cup
data/rimone_dl/images/cropped_r1_Im014.png,data/rimone_dl/labels/cropped_r1_Im014_cd.png,rimone,0.959263026714325,0.9217151403427124,cup
data/rimone_dl/images/cropped_r2_Im014.png,data/rimone_dl/labels/cropped_r2_Im014_cd.png,rimone,0.663168728351593,0.4960750937461853,cup
data/rimone_dl/images/cropped_r2_Im044.png,data/rimone_dl/labels/cropped_r2_Im044_cd.png,rimone,0.6478238105773926,0.4790971577167511,cup
data/rimone_dl/images/cropped_r2_Im130.png,data/rimone_dl/labels/cropped_r2_Im130_cd.png,rimone,0.713276207447052,0.5543351769447327,cup
data/rimone_dl/images/cropped_r3_G-37-R_left_half.png,data/rimone_dl/labels/cropped_r3_G-37-R_left_half_cd.png,rimone,0.8173043727874756,0.6910521388053894,cup
data/rimone_dl/images/cropped_r2_Im428.png,data/rimone_dl/labels/cropped_r2_Im428_cd.png,rimone,0.9472334980964661,0.8997564911842346,cup
data/origa/images/cropped_308.png,data/origa/labels/cropped_308.png,origa,0.8909419178962708,0.8033320307731628,cup
data/origa/images/cropped_506.png,data/origa/labels/cropped_506.png,origa,0.858808159828186,0.7525537014007568,cup
data/origa/images/cropped_310.png,data/origa/labels/cropped_310.png,origa,0.8875529170036316,0.7978383898735046,cup
data/origa/images/cropped_103.png,data/origa/labels/cropped_103.png,origa,0.8639918565750122,0.7605507969856262,cup
data/origa/images/cropped_124.png,data/origa/labels/cropped_124.png,origa,0.3054661452770233,0.18026559054851532,cup
data/origa/images/cropped_179.png,data/origa/labels/cropped_179.png,origa,0.949161946773529,0.9032428860664368,cup
data/origa/images/cropped_197.png,data/origa/labels/cropped_197.png,origa,0.8892994523048401,0.8006653189659119,cup
data/origa/images/cropped_140.png,data/origa/labels/cropped_140.png,origa,0.934814989566803,0.8776081204414368,cup
data/origa/images/cropped_229.png,data/origa/labels/cropped_229.png,origa,0.754859209060669,0.6062440872192383,cup
data/origa/images/cropped_030.png,data/origa/labels/cropped_030.png,origa,0.8627499341964722,0.7586281299591064,cup
data/origa/images/cropped_089.png,data/origa/labels/cropped_089.png,origa,0.8974493145942688,0.8139755725860596,cup
data/origa/images/cropped_333.png,data/origa/labels/cropped_333.png,origa,0.40996935963630676,0.2578373849391937,cup
data/origa/images/cropped_256.png,data/origa/labels/cropped_256.png,origa,0.9168626666069031,0.8464879393577576,cup
data/origa/images/cropped_181.png,data/origa/labels/cropped_181.png,origa,0.8173726201057434,0.6911497712135315,cup
data/origa/images/cropped_609.png,data/origa/labels/cropped_609.png,origa,0.9139218330383301,0.8414880633354187,cup
data/origa/images/cropped_610.png,data/origa/labels/cropped_610.png,origa,0.9244047403335571,0.8594354391098022,cup
data/origa/images/cropped_431.png,data/origa/labels/cropped_431.png,origa,0.9208358526229858,0.8532861471176147,cup
data/origa/images/cropped_381.png,data/origa/labels/cropped_381.png,origa,0.9085111618041992,0.8323596119880676,cup
data/origa/images/cropped_236.png,data/origa/labels/cropped_236.png,origa,0.677498996257782,0.5122861266136169,cup
data/origa/images/cropped_571.png,data/origa/labels/cropped_571.png,origa,0.927395224571228,0.8646196722984314,cup
data/origa/images/cropped_445.png,data/origa/labels/cropped_445.png,origa,0.9226238131523132,0.8563618063926697,cup
data/origa/images/cropped_394.png,data/origa/labels/cropped_394.png,origa,0.842520534992218,0.7278924584388733,cup
data/origa/images/cropped_128.png,data/origa/labels/cropped_128.png,origa,0.7270600199699402,0.5711659789085388,cup
data/origa/images/cropped_183.png,data/origa/labels/cropped_183.png,origa,0.7186687588691711,0.5608766078948975,cup
data/origa/images/cropped_006.png,data/origa/labels/cropped_006.png,origa,0.9370260834693909,0.881513774394989,cup
data/origa/images/cropped_035.png,data/origa/labels/cropped_035.png,origa,0.8088972568511963,0.6791162490844727,cup
data/origa/images/cropped_575.png,data/origa/labels/cropped_575.png,origa,0.9255533218383789,0.8614231944084167,cup
data/origa/images/cropped_359.png,data/origa/labels/cropped_359.png,origa,0.6883159279823303,0.5247573852539062,cup
data/origa/images/cropped_443.png,data/origa/labels/cropped_443.png,origa,0.8922500014305115,0.8054615259170532,cup
data/origa/images/cropped_323.png,data/origa/labels/cropped_323.png,origa,0.7896026968955994,0.6523499488830566,cup
data/origa/images/cropped_021.png,data/origa/labels/cropped_021.png,origa,0.6037848591804504,0.4324440360069275,cup
data/origa/images/cropped_287.png,data/origa/labels/cropped_287.png,origa,0.8209550380706787,0.6962881684303284,cup
data/origa/images/cropped_375.png,data/origa/labels/cropped_375.png,origa,0.9104834198951721,0.8356764912605286,cup
data/origa/images/cropped_555.png,data/origa/labels/cropped_555.png,origa,0.8951109051704407,0.8101363778114319,cup
data/origa/images/cropped_070.png,data/origa/labels/cropped_070.png,origa,0.9070379137992859,0.8298896551132202,cup
data/origa/images/cropped_119.png,data/origa/labels/cropped_119.png,origa,0.8087872862815857,0.6789612770080566,cup
data/origa/images/cropped_113.png,data/origa/labels/cropped_113.png,origa,0.7616845965385437,0.6150974035263062,cup
data/origa/images/cropped_611.png,data/origa/labels/cropped_611.png,origa,0.8995616436004639,0.8174574971199036,cup
data/origa/images/cropped_528.png,data/origa/labels/cropped_528.png,origa,0.8807001113891602,0.786831259727478,cup
data/origa/images/cropped_325.png,data/origa/labels/cropped_325.png,origa,0.8140051364898682,0.6863479614257812,cup
data/origa/images/cropped_428.png,data/origa/labels/cropped_428.png,origa,0.8894561529159546,0.8009194135665894,cup
data/origa/images/cropped_560.png,data/origa/labels/cropped_560.png,origa,0.5143255591392517,0.346189945936203,cup
data/origa/images/cropped_318.png,data/origa/labels/cropped_318.png,origa,0.8007274866104126,0.6676777005195618,cup
data/origa/images/cropped_566.png,data/origa/labels/cropped_566.png,origa,0.9073836803436279,0.8304687142372131,cup
data/origa/images/cropped_470.png,data/origa/labels/cropped_470.png,origa,0.8668923377990723,0.7650573253631592,cup
data/origa/images/cropped_634.png,data/origa/labels/cropped_634.png,origa,0.8847095966339111,0.7932549118995667,cup
data/origa/images/cropped_580.png,data/origa/labels/cropped_580.png,origa,0.8367509245872498,0.7193222641944885,cup
data/origa/images/cropped_349.png,data/origa/labels/cropped_349.png,origa,0.9378988146781921,0.8830597996711731,cup
data/origa/images/cropped_353.png,data/origa/labels/cropped_353.png,origa,0.9672485589981079,0.9365743398666382,cup
data/origa/images/cropped_490.png,data/origa/labels/cropped_490.png,origa,0.9662302136421204,0.9346667528152466,cup
data/origa/images/cropped_554.png,data/origa/labels/cropped_554.png,origa,0.7585371136665344,0.6110026240348816,cup
data/origa/images/cropped_059.png,data/origa/labels/cropped_059.png,origa,0.8050395250320435,0.6736955046653748,cup
data/origa/images/cropped_475.png,data/origa/labels/cropped_475.png,origa,0.8718635439872742,0.7728351950645447,cup
data/origa/images/cropped_002.png,data/origa/labels/cropped_002.png,origa,0.9416640996932983,0.8897591829299927,cup
data/origa/images/cropped_515.png,data/origa/labels/cropped_515.png,origa,0.7797203063964844,0.6389684677124023,cup
data/origa/images/cropped_538.png,data/origa/labels/cropped_538.png,origa,0.9021906852722168,0.8218100070953369,cup
data/origa/images/cropped_456.png,data/origa/labels/cropped_456.png,origa,0.9550834894180298,0.9140284657478333,cup
data/origa/images/cropped_010.png,data/origa/labels/cropped_010.png,origa,0.9353470206260681,0.8785463571548462,cup
data/origa/images/cropped_615.png,data/origa/labels/cropped_615.png,origa,0.8838807940483093,0.7919232845306396,cup
data/origa/images/cropped_578.png,data/origa/labels/cropped_578.png,origa,0.8655408620834351,0.762954592704773,cup
data/origa/images/cropped_380.png,data/origa/labels/cropped_380.png,origa,0.8385277986526489,0.7219525575637817,cup
data/origa/images/cropped_311.png,data/origa/labels/cropped_311.png,origa,0.731814444065094,0.5770562887191772,cup
data/origa/images/cropped_650.png,data/origa/labels/cropped_650.png,origa,0.8366665840148926,0.7191975712776184,cup
data/origa/images/cropped_147.png,data/origa/labels/cropped_147.png,origa,0.8686614632606506,0.7678173780441284,cup
data/origa/images/cropped_388.png,data/origa/labels/cropped_388.png,origa,0.9348447918891907,0.8776606917381287,cup
data/magrabi/images/cropped_magrabi_female_image5prime.png,data/magrabi/labels/cropped_staple_cd_magrabi_female_image5prime.png,magrabi,0.8951106667518616,0.8101360201835632,cup
data/magrabi/images/cropped_magrabi_male_image10prime.png,data/magrabi/labels/cropped_staple_cd_magrabi_male_image10prime.png,magrabi,0.852626621723175,0.7431117296218872,cup
data/magrabi/images/cropped_magrabi_male_image15prime.png,data/magrabi/labels/cropped_staple_cd_magrabi_male_image15prime.png,magrabi,0.761148989200592,0.6143991351127625,cup
data/magrabi/images/cropped_magrabi_female_image11prime.png,data/magrabi/labels/cropped_staple_cd_magrabi_female_image11prime.png,magrabi,0.9315125346183777,0.8718048930168152,cup
data/magrabi/images/cropped_magrabi_female_image44prime.png,data/magrabi/labels/cropped_staple_cd_magrabi_female_image44prime.png,magrabi,0.9490941166877747,0.9031200408935547,cup
data/magrabi/images/cropped_magrabi_male_image24prime.png,data/magrabi/labels/cropped_staple_cd_magrabi_male_image24prime.png,magrabi,0.953978955745697,0.9120073914527893,cup
data/magrabi/images/cropped_magrabi_male_image40prime.png,data/magrabi/labels/cropped_staple_cd_magrabi_male_image40prime.png,magrabi,0.9689404964447021,0.9397522807121277,cup
data/magrabi/images/cropped_magrabi_male_image37prime.png,data/magrabi/labels/cropped_staple_cd_magrabi_male_image37prime.png,magrabi,0.9468777775764465,0.8991147875785828,cup
data/magrabi/images/cropped_magrabi_female_image36prime.png,data/magrabi/labels/cropped_staple_cd_magrabi_female_image36prime.png,magrabi,0.9496961236000061,0.9042107462882996,cup
data/magrabi/images/cropped_magrabi_male_image33prime.png,data/magrabi/labels/cropped_staple_cd_magrabi_male_image33prime.png,magrabi,0.892514169216156,0.8058922290802002,cup
data/chaksu/images/cropped_IMG_4488.png,data/chaksu/labels/cropped_staple_cd_IMG_4488.png,chaksu,0.547118604183197,0.37657487392425537,cup
data/chaksu/images/cropped_Image155.png,data/chaksu/labels/cropped_staple_cd_Image155.png,chaksu,0.7778599858283997,0.6364737153053284,cup
data/chaksu/images/cropped_P26_Image1.png,data/chaksu/labels/cropped_staple_cd_P26_Image1.png,chaksu,0.7171274423599243,0.5590012669563293,cup
data/chaksu/images/cropped_IMG_3381.png,data/chaksu/labels/cropped_staple_cd_IMG_3381.png,chaksu,0.779287576675415,0.6383875608444214,cup
data/chaksu/images/cropped_IMG_3160.png,data/chaksu/labels/cropped_staple_cd_IMG_3160.png,chaksu,0.8920087218284607,0.80506831407547,cup
data/chaksu/images/cropped_IMG_3969.png,data/chaksu/labels/cropped_staple_cd_IMG_3969.png,chaksu,0.870675265789032,0.770969808101654,cup
data/chaksu/images/cropped_IMG_3195.png,data/chaksu/labels/cropped_staple_cd_IMG_3195.png,chaksu,0.6301940679550171,0.46006086468696594,cup
data/chaksu/images/cropped_55.png,data/chaksu/labels/cropped_staple_cd_55.png,chaksu,0.7322415113449097,0.5775875449180603,cup
data/chaksu/images/cropped_IMG_3881.png,data/chaksu/labels/cropped_staple_cd_IMG_3881.png,chaksu,0.7540950179100037,0.6052588820457458,cup
data/chaksu/images/cropped_79.png,data/chaksu/labels/cropped_staple_cd_79.png,chaksu,0.8468969464302063,0.7344503402709961,cup
data/chaksu/images/cropped_IMG_3253.png,data/chaksu/labels/cropped_staple_cd_IMG_3253.png,chaksu,0.7347040772438049,0.5806578993797302,cup
data/chaksu/images/cropped_P3_Image1.png,data/chaksu/labels/cropped_staple_cd_P3_Image1.png,chaksu,0.7840984463691711,0.6448699831962585,cup
data/chaksu/images/cropped_Image146.png,data/chaksu/labels/cropped_staple_cd_Image146.png,chaksu,0.46824511885643005,0.3056919276714325,cup
data/chaksu/images/cropped_IMG_2769.png,data/chaksu/labels/cropped_staple_cd_IMG_2769.png,chaksu,0.8374712467193604,0.7203875184059143,cup
data/chaksu/images/cropped_Image129.png,data/chaksu/labels/cropped_staple_cd_Image129.png,chaksu,0.6314778327941895,0.46143046021461487,cup
data/chaksu/images/cropped_IMG_3413.png,data/chaksu/labels/cropped_staple_cd_IMG_3413.png,chaksu,0.8658276200294495,0.7634003758430481,cup
data/chaksu/images/cropped_IMG_4257.png,data/chaksu/labels/cropped_staple_cd_IMG_4257.png,chaksu,0.6163401007652283,0.44544193148612976,cup
data/chaksu/images/cropped_IMG_3510.png,data/chaksu/labels/cropped_staple_cd_IMG_3510.png,chaksu,0.6600355505943298,0.4925768971443176,cup
data/chaksu/images/cropped_36.png,data/chaksu/labels/cropped_staple_cd_36.png,chaksu,0.5951806306838989,0.42367056012153625,cup
data/chaksu/images/cropped_IMG_3995.png,data/chaksu/labels/cropped_staple_cd_IMG_3995.png,chaksu,0.6714386940002441,0.5053878426551819,cup
data/chaksu/images/cropped_IMG_2467.png,data/chaksu/labels/cropped_staple_cd_IMG_2467.png,chaksu,0.813642144203186,0.6858320236206055,cup
data/chaksu/images/cropped_IMG_2613.png,data/chaksu/labels/cropped_staple_cd_IMG_2613.png,chaksu,0.7932379245758057,0.6573275327682495,cup
data/chaksu/images/cropped_IMG_2628.png,data/chaksu/labels/cropped_staple_cd_IMG_2628.png,chaksu,0.8537607192993164,0.7448364496231079,cup
data/chaksu/images/cropped_IMG_2636.png,data/chaksu/labels/cropped_staple_cd_IMG_2636.png,chaksu,0.8450198769569397,0.7316315770149231,cup
data/chaksu/images/cropped_IMG_3890.png,data/chaksu/labels/cropped_staple_cd_IMG_3890.png,chaksu,0.8747820258140564,0.7774333953857422,cup
data/chaksu/images/cropped_IMG_3264.png,data/chaksu/labels/cropped_staple_cd_IMG_3264.png,chaksu,0.696152925491333,0.5339221954345703,cup
data/chaksu/images/cropped_IMG_3745.png,data/chaksu/labels/cropped_staple_cd_IMG_3745.png,chaksu,0.8687965273857117,0.7680284976959229,cup
data/chaksu/images/cropped_116.png,data/chaksu/labels/cropped_staple_cd_116.png,chaksu,0.8083890676498413,0.6784001588821411,cup
data/chaksu/images/cropped_IMG_2598.png,data/chaksu/labels/cropped_staple_cd_IMG_2598.png,chaksu,0.8695106506347656,0.7691453695297241,cup
data/chaksu/images/cropped_IMG_3232.png,data/chaksu/labels/cropped_staple_cd_IMG_3232.png,chaksu,0.8004507422447205,0.6672928929328918,cup
data/chaksu/images/cropped_IMG_3432.png,data/chaksu/labels/cropped_staple_cd_IMG_3432.png,chaksu,0.810064435005188,0.6807632446289062,cup
data/chaksu/images/cropped_56.png,data/chaksu/labels/cropped_staple_cd_56.png,chaksu,0.9291011691093445,0.867590069770813,cup
data/chaksu/images/cropped_IMG_3398.png,data/chaksu/labels/cropped_staple_cd_IMG_3398.png,chaksu,0.772832989692688,0.629770040512085,cup
data/chaksu/images/cropped_IMG_3231.png,data/chaksu/labels/cropped_staple_cd_IMG_3231.png,chaksu,0.8475088477134705,0.7353712320327759,cup
data/chaksu/images/cropped_IMG_2491.png,data/chaksu/labels/cropped_staple_cd_IMG_2491.png,chaksu,0.9225055575370789,0.8561580777168274,cup
data/chaksu/images/cropped_IMG_2503.png,data/chaksu/labels/cropped_staple_cd_IMG_2503.png,chaksu,0.8205665946006775,0.6957294940948486,cup
data/chaksu/images/cropped_IMG_3442.png,data/chaksu/labels/cropped_staple_cd_IMG_3442.png,chaksu,0.6558923125267029,0.4879760444164276,cup
data/chaksu/images/cropped_IMG_3508.png,data/chaksu/labels/cropped_staple_cd_IMG_3508.png,chaksu,0.8961271643638611,0.8118029236793518,cup
data/chaksu/images/cropped_IMG_2578.png,data/chaksu/labels/cropped_staple_cd_IMG_2578.png,chaksu,0.7396094799041748,0.5868097543716431,cup
data/chaksu/images/cropped_IMG_2585.png,data/chaksu/labels/cropped_staple_cd_IMG_2585.png,chaksu,0.4777466654777527,0.3138417601585388,cup
data/chaksu/images/cropped_IMG_3583.png,data/chaksu/labels/cropped_staple_cd_IMG_3583.png,chaksu,0.7830822467803955,0.6434964537620544,cup
data/chaksu/images/cropped_IMG_3248.png,data/chaksu/labels/cropped_staple_cd_IMG_3248.png,chaksu,0.7521082162857056,0.6027030944824219,cup
data/chaksu/images/cropped_IMG_4424.png,data/chaksu/labels/cropped_staple_cd_IMG_4424.png,chaksu,0.8225194811820984,0.6985418796539307,cup
data/chaksu/images/cropped_IMG_3457.png,data/chaksu/labels/cropped_staple_cd_IMG_3457.png,chaksu,0.8422012329101562,0.7274158596992493,cup
data/chaksu/images/cropped_IMG_4558.png,data/chaksu/labels/cropped_staple_cd_IMG_4558.png,chaksu,0.6072836518287659,0.43604257702827454,cup
data/chaksu/images/cropped_IMG_3372.png,data/chaksu/labels/cropped_staple_cd_IMG_3372.png,chaksu,0.780211329460144,0.6396282315254211,cup
data/chaksu/images/cropped_IMG_4445.png,data/chaksu/labels/cropped_staple_cd_IMG_4445.png,chaksu,0.7890918850898743,0.651652991771698,cup
data/chaksu/images/cropped_IMG_4414.png,data/chaksu/labels/cropped_staple_cd_IMG_4414.png,chaksu,0.8478876948356628,0.7359418869018555,cup
data/chaksu/images/cropped_101.png,data/chaksu/labels/cropped_staple_cd_101.png,chaksu,0.9111626744270325,0.8368216753005981,cup
data/chaksu/images/cropped_IMG_2566.png,data/chaksu/labels/cropped_staple_cd_IMG_2566.png,chaksu,0.657883882522583,0.4901840090751648,cup
data/chaksu/images/cropped_IMG_3417.png,data/chaksu/labels/cropped_staple_cd_IMG_3417.png,chaksu,0.7414803504943848,0.5891686677932739,cup
data/chaksu/images/cropped_86.png,data/chaksu/labels/cropped_staple_cd_86.png,chaksu,0.7765257954597473,0.6346891522407532,cup
data/chaksu/images/cropped_IMG_3557.png,data/chaksu/labels/cropped_staple_cd_IMG_3557.png,chaksu,0.6176049709320068,0.44676443934440613,cup
data/chaksu/images/cropped_IMG_3574.png,data/chaksu/labels/cropped_staple_cd_IMG_3574.png,chaksu,0.7143674492835999,0.5556544065475464,cup
data/chaksu/images/cropped_Image128.png,data/chaksu/labels/cropped_staple_cd_Image128.png,chaksu,0.7999938726425171,0.6666581034660339,cup
data/chaksu/images/cropped_42.png,data/chaksu/labels/cropped_staple_cd_42.png,chaksu,0.7110387086868286,0.5516369938850403,cup
data/chaksu/images/cropped_IMG_3823.png,data/chaksu/labels/cropped_staple_cd_IMG_3823.png,chaksu,0.40735912322998047,0.25577589869499207,cup
data/chaksu/images/cropped_IMG_3321.png,data/chaksu/labels/cropped_staple_cd_IMG_3321.png,chaksu,0.7775220274925232,0.6360212564468384,cup
data/chaksu/images/cropped_IMG_4110.png,data/chaksu/labels/cropped_staple_cd_IMG_4110.png,chaksu,0.8513962030410767,0.7412444949150085,cup
data/chaksu/images/cropped_IMG_3394.png,data/chaksu/labels/cropped_staple_cd_IMG_3394.png,chaksu,0.8675463199615479,0.7660766243934631,cup
data/chaksu/images/cropped_IMG_3222.png,data/chaksu/labels/cropped_staple_cd_IMG_3222.png,chaksu,0.8442800045013428,0.7305229306221008,cup
data/chaksu/images/cropped_IMG_3644.png,data/chaksu/labels/cropped_staple_cd_IMG_3644.png,chaksu,0.7132101655006409,0.5542553663253784,cup
data/chaksu/images/cropped_IMG_2453.png,data/chaksu/labels/cropped_staple_cd_IMG_2453.png,chaksu,0.7593525648117065,0.6120615005493164,cup
data/chaksu/images/cropped_IMG_3549.png,data/chaksu/labels/cropped_staple_cd_IMG_3549.png,chaksu,0.7023073434829712,0.5411970019340515,cup
data/chaksu/images/cropped_IMG_3520.png,data/chaksu/labels/cropped_staple_cd_IMG_3520.png,chaksu,0.6285361647605896,0.4582958221435547,cup
data/chaksu/images/cropped_IMG_3205.png,data/chaksu/labels/cropped_staple_cd_IMG_3205.png,chaksu,0.8261421918869019,0.7037838697433472,cup
data/chaksu/images/cropped_IMG_3352.png,data/chaksu/labels/cropped_staple_cd_IMG_3352.png,chaksu,0.84229975938797,0.7275629043579102,cup
data/chaksu/images/cropped_IMG_3309.png,data/chaksu/labels/cropped_staple_cd_IMG_3309.png,chaksu,0.7766212224960327,0.6348166465759277,cup
data/chaksu/images/cropped_IMG_2483.png,data/chaksu/labels/cropped_staple_cd_IMG_2483.png,chaksu,0.4503474533557892,0.2906118929386139,cup
data/chaksu/images/cropped_IMG_2540.png,data/chaksu/labels/cropped_staple_cd_IMG_2540.png,chaksu,0.7787209153175354,0.637627363204956,cup
data/chaksu/images/cropped_21.png,data/chaksu/labels/cropped_staple_cd_21.png,chaksu,0.8773701786994934,0.7815311551094055,cup
data/chaksu/images/cropped_Image161.png,data/chaksu/labels/cropped_staple_cd_Image161.png,chaksu,0.583744466304779,0.4121745526790619,cup
data/chaksu/images/cropped_IMG_2570.png,data/chaksu/labels/cropped_staple_cd_IMG_2570.png,chaksu,0.6484853029251099,0.4798211455345154,cup
data/chaksu/images/cropped_IMG_3261.png,data/chaksu/labels/cropped_staple_cd_IMG_3261.png,chaksu,0.6900109648704529,0.5267302989959717,cup
data/chaksu/images/cropped_IMG_2750.png,data/chaksu/labels/cropped_staple_cd_IMG_2750.png,chaksu,0.8018988370895386,0.669308066368103,cup
data/chaksu/images/cropped_IMG_3816.png,data/chaksu/labels/cropped_staple_cd_IMG_3816.png,chaksu,0.8698463439941406,0.769670844078064,cup
data/chaksu/images/cropped_P3_Image2.png,data/chaksu/labels/cropped_staple_cd_P3_Image2.png,chaksu,0.826321542263031,0.7040442824363708,cup
data/chaksu/images/cropped_IMG_3657.png,data/chaksu/labels/cropped_staple_cd_IMG_3657.png,chaksu,0.4468434154987335,0.28770017623901367,cup
data/chaksu/images/cropped_IMG_2741.png,data/chaksu/labels/cropped_staple_cd_IMG_2741.png,chaksu,0.5742601752281189,0.4027804434299469,cup
data/chaksu/images/cropped_IMG_2506.png,data/chaksu/labels/cropped_staple_cd_IMG_2506.png,chaksu,0.705009937286377,0.5444133877754211,cup
data/chaksu/images/cropped_IMG_2539.png,data/chaksu/labels/cropped_staple_cd_IMG_2539.png,chaksu,0.8384069800376892,0.7217734456062317,cup
data/chaksu/images/cropped_IMG_4400.png,data/chaksu/labels/cropped_staple_cd_IMG_4400.png,chaksu,0.7793663740158081,0.6384932994842529,cup
data/chaksu/images/cropped_50.png,data/chaksu/labels/cropped_staple_cd_50.png,chaksu,0.9095909595489502,0.8341740369796753,cup
data/chaksu/images/cropped_7.png,data/chaksu/labels/cropped_staple_cd_7.png,chaksu,0.8411912322044373,0.7259103059768677,cup
data/chaksu/images/cropped_IMG_2718.png,data/chaksu/labels/cropped_staple_cd_IMG_2718.png,chaksu,0.8785160183906555,0.7833514213562012,cup
data/chaksu/images/cropped_Image150.png,data/chaksu/labels/cropped_staple_cd_Image150.png,chaksu,0.9129071831703186,0.8397693037986755,cup
data/chaksu/images/cropped_IMG_3689.png,data/chaksu/labels/cropped_staple_cd_IMG_3689.png,chaksu,0.7422690987586975,0.5901652574539185,cup
data/chaksu/images/cropped_IMG_3318.png,data/chaksu/labels/cropped_staple_cd_IMG_3318.png,chaksu,0.6601766347885132,0.4927341043949127,cup
data/chaksu/images/cropped_IMG_2639.png,data/chaksu/labels/cropped_staple_cd_IMG_2639.png,chaksu,0.6819405555725098,0.5173822641372681,cup
data/chaksu/images/cropped_IMG_3192.png,data/chaksu/labels/cropped_staple_cd_IMG_3192.png,chaksu,0.8829377889633179,0.790410578250885,cup
data/chaksu/images/cropped_IMG_3812.png,data/chaksu/labels/cropped_staple_cd_IMG_3812.png,chaksu,0.7906377911567688,0.6537643074989319,cup
data/chaksu/images/cropped_IMG_3952.png,data/chaksu/labels/cropped_staple_cd_IMG_3952.png,chaksu,0.7237129211425781,0.5670455098152161,cup
data/chaksu/images/cropped_IMG_4416.png,data/chaksu/labels/cropped_staple_cd_IMG_4416.png,chaksu,0.9188026785850525,0.8498011231422424,cup
data/chaksu/images/cropped_27.png,data/chaksu/labels/cropped_staple_cd_27.png,chaksu,0.8468495011329651,0.7343789339065552,cup
data/chaksu/images/cropped_Image122.png,data/chaksu/labels/cropped_staple_cd_Image122.png,chaksu,0.7917672395706177,0.6553101539611816,cup
data/chaksu/images/cropped_94.png,data/chaksu/labels/cropped_staple_cd_94.png,chaksu,0.9344969987869263,0.8770477175712585,cup
data/chaksu/images/cropped_IMG_4066.png,data/chaksu/labels/cropped_staple_cd_IMG_4066.png,chaksu,0.7452635169029236,0.5939602255821228,cup
data/chaksu/images/cropped_IMG_3282.png,data/chaksu/labels/cropped_staple_cd_IMG_3282.png,chaksu,0.7906257510185242,0.6537478566169739,cup
data/chaksu/images/cropped_IMG_2443.png,data/chaksu/labels/cropped_staple_cd_IMG_2443.png,chaksu,0.835959792137146,0.718153715133667,cup
data/chaksu/images/cropped_IMG_3294.png,data/chaksu/labels/cropped_staple_cd_IMG_3294.png,chaksu,0.8737431764602661,0.7757939100265503,cup
data/chaksu/images/cropped_IMG_4418.png,data/chaksu/labels/cropped_staple_cd_IMG_4418.png,chaksu,0.7778370976448059,0.6364430785179138,cup
data/chaksu/images/cropped_IMG_4131.png,data/chaksu/labels/cropped_staple_cd_IMG_4131.png,chaksu,0.7265260219573975,0.5705071091651917,cup
data/chaksu/images/cropped_IMG_2597.png,data/chaksu/labels/cropped_staple_cd_IMG_2597.png,chaksu,0.5884243845939636,0.41685640811920166,cup
data/chaksu/images/cropped_IMG_2695.png,data/chaksu/labels/cropped_staple_cd_IMG_2695.png,chaksu,0.8091533184051514,0.6794772744178772,cup
data/chaksu/images/cropped_IMG_4258.png,data/chaksu/labels/cropped_staple_cd_IMG_4258.png,chaksu,0.6281646490097046,0.45790088176727295,cup
data/chaksu/images/cropped_IMG_3675.png,data/chaksu/labels/cropped_staple_cd_IMG_3675.png,chaksu,0.7819475531578064,0.6419654488563538,cup
data/chaksu/images/cropped_IMG_2519.png,data/chaksu/labels/cropped_staple_cd_IMG_2519.png,chaksu,0.7226923108100891,0.5657934546470642,cup
data/chaksu/images/cropped_IMG_2715.png,data/chaksu/labels/cropped_staple_cd_IMG_2715.png,chaksu,0.7500373721122742,0.6000478267669678,cup
data/chaksu/images/cropped_IMG_2700.png,data/chaksu/labels/cropped_staple_cd_IMG_2700.png,chaksu,0.7386219501495361,0.5855674743652344,cup
data/chaksu/images/cropped_IMG_2489.png,data/chaksu/labels/cropped_staple_cd_IMG_2489.png,chaksu,0.5950345993041992,0.42352259159088135,cup
data/chaksu/images/cropped_IMG_3913.png,data/chaksu/labels/cropped_staple_cd_IMG_3913.png,chaksu,0.4960256516933441,0.32980990409851074,cup
data/chaksu/images/cropped_IMG_3563.png,data/chaksu/labels/cropped_staple_cd_IMG_3563.png,chaksu,0.7519783973693848,0.6025363802909851,cup
data/chaksu/images/cropped_IMG_3305.png,data/chaksu/labels/cropped_staple_cd_IMG_3305.png,chaksu,0.4405817687511444,0.2825295627117157,cup
data/chaksu/images/cropped_IMG_3945.png,data/chaksu/labels/cropped_staple_cd_IMG_3945.png,chaksu,0.8133217692375183,0.6853768825531006,cup
data/chaksu/images/cropped_IMG_4466.png,data/chaksu/labels/cropped_staple_cd_IMG_4466.png,chaksu,0.8487152457237244,0.7371897101402283,cup
data/chaksu/images/cropped_Image116.png,data/chaksu/labels/cropped_staple_cd_Image116.png,chaksu,0.670769214630127,0.5046296119689941,cup
data/chaksu/images/cropped_IMG_2548.png,data/chaksu/labels/cropped_staple_cd_IMG_2548.png,chaksu,0.8213939070701599,0.6969197392463684,cup
data/chaksu/images/cropped_IMG_3988.png,data/chaksu/labels/cropped_staple_cd_IMG_3988.png,chaksu,0.7506759166717529,0.6008656620979309,cup
data/chaksu/images/cropped_IMG_3496.png,data/chaksu/labels/cropped_staple_cd_IMG_3496.png,chaksu,0.8638949990272522,0.7604007124900818,cup
data/chaksu/images/cropped_IMG_2511.png,data/chaksu/labels/cropped_staple_cd_IMG_2511.png,chaksu,0.8681113719940186,0.7669582962989807,cup
data/chaksu/images/cropped_IMG_3978.png,data/chaksu/labels/cropped_staple_cd_IMG_3978.png,chaksu,0.6244456171989441,0.45395922660827637,cup
data/chaksu/images/cropped_IMG_3679.png,data/chaksu/labels/cropped_staple_cd_IMG_3679.png,chaksu,0.6431741714477539,0.4740285873413086,cup
data/chaksu/images/cropped_IMG_4561.png,data/chaksu/labels/cropped_staple_cd_IMG_4561.png,chaksu,0.6732909083366394,0.5074894428253174,cup
data/chaksu/images/cropped_IMG_3517.png,data/chaksu/labels/cropped_staple_cd_IMG_3517.png,chaksu,0.7426242232322693,0.590614378452301,cup
data/chaksu/images/cropped_IMG_2521.png,data/chaksu/labels/cropped_staple_cd_IMG_2521.png,chaksu,0.7096450328826904,0.5499611496925354,cup
data/chaksu/images/cropped_38.png,data/chaksu/labels/cropped_staple_cd_38.png,chaksu,0.7163360118865967,0.5580400824546814,cup
data/chaksu/images/cropped_IMG_3539.png,data/chaksu/labels/cropped_staple_cd_IMG_3539.png,chaksu,0.5233532786369324,0.35442009568214417,cup
data/chaksu/images/cropped_54.png,data/chaksu/labels/cropped_staple_cd_54.png,chaksu,0.6975195407867432,0.5355316996574402,cup
data/chaksu/images/cropped_IMG_3468.png,data/chaksu/labels/cropped_staple_cd_IMG_3468.png,chaksu,0.6575862765312195,0.4898536503314972,cup
data/chaksu/images/cropped_IMG_3536.png,data/chaksu/labels/cropped_staple_cd_IMG_3536.png,chaksu,0.7396674752235413,0.5868828296661377,cup
data/chaksu/images/cropped_IMG_4404.png,data/chaksu/labels/cropped_staple_cd_IMG_4404.png,chaksu,0.8925635814666748,0.805972695350647,cup
data/chaksu/images/cropped_IMG_2549.png,data/chaksu/labels/cropped_staple_cd_IMG_2549.png,chaksu,0.759430468082428,0.6121627688407898,cup
data/chaksu/images/cropped_IMG_3250.png,data/chaksu/labels/cropped_staple_cd_IMG_3250.png,chaksu,0.7390687465667725,0.5861293077468872,cup
data/chaksu/images/cropped_IMG_2753.png,data/chaksu/labels/cropped_staple_cd_IMG_2753.png,chaksu,0.7932963371276855,0.6574077606201172,cup
data/chaksu/images/cropped_IMG_4203.png,data/chaksu/labels/cropped_staple_cd_IMG_4203.png,chaksu,0.7044442296028137,0.5437390208244324,cup
data/drishti/images/cropped_drishtiGS_066.png,data/drishti/labels/cropped_staple_cd_drishtiGS_066.png,drishti,0.7743455171585083,0.6317812204360962,cup
data/drishti/images/cropped_drishtiGS_010.png,data/drishti/labels/cropped_staple_cd_drishtiGS_010.png,drishti,0.9091922044754028,0.8335036039352417,cup
data/drishti/images/cropped_drishtiGS_084.png,data/drishti/labels/cropped_staple_cd_drishtiGS_084.png,drishti,0.7708171010017395,0.6270971894264221,cup
data/drishti/images/cropped_drishtiGS_090.png,data/drishti/labels/cropped_staple_cd_drishtiGS_090.png,drishti,0.8110123872756958,0.6821032762527466,cup
data/drishti/images/cropped_drishtiGS_011.png,data/drishti/labels/cropped_staple_cd_drishtiGS_011.png,drishti,0.7947832942008972,0.6594526171684265,cup
data/drishti/images/cropped_drishtiGS_016.png,data/drishti/labels/cropped_staple_cd_drishtiGS_016.png,drishti,0.6808257102966309,0.5160999298095703,cup
data/drishti/images/cropped_drishtiGS_087.png,data/drishti/labels/cropped_staple_cd_drishtiGS_087.png,drishti,0.8507173657417297,0.7402159571647644,cup
data/drishti/images/cropped_drishtiGS_055.png,data/drishti/labels/cropped_staple_cd_drishtiGS_055.png,drishti,0.8287485837936401,0.7075753211975098,cup
data/drishti/images/cropped_drishtiGS_048.png,data/drishti/labels/cropped_staple_cd_drishtiGS_048.png,drishti,0.8072077631950378,0.6767379641532898,cup
data/drishti/images/cropped_drishtiGS_059.png,data/drishti/labels/cropped_staple_cd_drishtiGS_059.png,drishti,0.7620588541030884,0.6155856847763062,cup
data/drishti/images/cropped_drishtiGS_029.png,data/drishti/labels/cropped_staple_cd_drishtiGS_029.png,drishti,0.6832014322280884,0.518835186958313,cup
data/messidor/images/cropped_image194prime.png,data/messidor/labels/cropped_staple_cd_image194prime.png,messidor,0.9569967985153198,0.9175397157669067,cup
data/messidor/images/cropped_image48prime.png,data/messidor/labels/cropped_staple_cd_image48prime.png,messidor,0.8475455045700073,0.7354264259338379,cup
data/messidor/images/cropped_image396prime.png,data/messidor/labels/cropped_staple_cd_image396prime.png,messidor,0.9513730406761169,0.9072558879852295,cup
data/messidor/images/cropped_image201prime.png,data/messidor/labels/cropped_staple_cd_image201prime.png,messidor,0.8992871046066284,0.8170042037963867,cup
data/messidor/images/cropped_image306prime.png,data/messidor/labels/cropped_staple_cd_image306prime.png,messidor,0.9573003649711609,0.918097972869873,cup
data/messidor/images/cropped_image29prime.png,data/messidor/labels/cropped_staple_cd_image29prime.png,messidor,0.9455797672271729,0.8967769145965576,cup
data/messidor/images/cropped_image235prime.png,data/messidor/labels/cropped_staple_cd_image235prime.png,messidor,0.9035515189170837,0.8240711092948914,cup
data/messidor/images/cropped_image146prime.png,data/messidor/labels/cropped_staple_cd_image146prime.png,messidor,0.9613486528396606,0.9255739450454712,cup
data/messidor/images/cropped_image307prime.png,data/messidor/labels/cropped_staple_cd_image307prime.png,messidor,0.9667381048202515,0.9356176853179932,cup
data/messidor/images/cropped_image227prime.png,data/messidor/labels/cropped_staple_cd_image227prime.png,messidor,0.9042472839355469,0.825229287147522,cup
data/messidor/images/cropped_image108prime.png,data/messidor/labels/cropped_staple_cd_image108prime.png,messidor,0.9270975589752197,0.8641024231910706,cup
data/messidor/images/cropped_image89prime.png,data/messidor/labels/cropped_staple_cd_image89prime.png,messidor,0.8413776755332947,0.726188063621521,cup
data/messidor/images/cropped_image54prime.png,data/messidor/labels/cropped_staple_cd_image54prime.png,messidor,0.9367462396621704,0.8810185194015503,cup
data/messidor/images/cropped_image344prime.png,data/messidor/labels/cropped_staple_cd_image344prime.png,messidor,0.9542115330696106,0.9124326705932617,cup
data/messidor/images/cropped_image442prime.png,data/messidor/labels/cropped_staple_cd_image442prime.png,messidor,0.941706120967865,0.8898342251777649,cup
data/messidor/images/cropped_image88prime.png,data/messidor/labels/cropped_staple_cd_image88prime.png,messidor,0.8553572297096252,0.7472699880599976,cup
data/messidor/images/cropped_image98prime.png,data/messidor/labels/cropped_staple_cd_image98prime.png,messidor,0.7371904253959656,0.5837700366973877,cup
data/messidor/images/cropped_image308prime.png,data/messidor/labels/cropped_staple_cd_image308prime.png,messidor,0.9436180591583252,0.8932545781135559,cup
data/messidor/images/cropped_image66prime.png,data/messidor/labels/cropped_staple_cd_image66prime.png,messidor,0.9517409205436707,0.9079253077507019,cup
data/messidor/images/cropped_image330prime.png,data/messidor/labels/cropped_staple_cd_image330prime.png,messidor,0.8905016779899597,0.8026164770126343,cup
data/messidor/images/cropped_image186prime.png,data/messidor/labels/cropped_staple_cd_image186prime.png,messidor,0.8158456087112427,0.6889690160751343,cup
data/messidor/images/cropped_image324prime.png,data/messidor/labels/cropped_staple_cd_image324prime.png,messidor,0.9435369372367859,0.8931092619895935,cup
data/messidor/images/cropped_image437prime.png,data/messidor/labels/cropped_staple_cd_image437prime.png,messidor,0.9407526254653931,0.8881330490112305,cup
data/messidor/images/cropped_image217prime.png,data/messidor/labels/cropped_staple_cd_image217prime.png,messidor,0.8465712666511536,0.7339606285095215,cup
data/messidor/images/cropped_image71prime.png,data/messidor/labels/cropped_staple_cd_image71prime.png,messidor,0.8596699237823486,0.753878116607666,cup
data/messidor/images/cropped_image185prime.png,data/messidor/labels/cropped_staple_cd_image185prime.png,messidor,0.7509713172912598,0.6012442111968994,cup
data/messidor/images/cropped_image404prime.png,data/messidor/labels/cropped_staple_cd_image404prime.png,messidor,0.9156687259674072,0.844454824924469,cup
data/messidor/images/cropped_image172prime.png,data/messidor/labels/cropped_staple_cd_image172prime.png,messidor,0.8365405797958374,0.7190113663673401,cup
data/messidor/images/cropped_image451prime.png,data/messidor/labels/cropped_staple_cd_image451prime.png,messidor,0.9498224258422852,0.9044398665428162,cup
data/messidor/images/cropped_image206prime.png,data/messidor/labels/cropped_staple_cd_image206prime.png,messidor,0.9623360633850098,0.9274062514305115,cup
data/messidor/images/cropped_image9prime.png,data/messidor/labels/cropped_staple_cd_image9prime.png,messidor,0.9074351191520691,0.8305548429489136,cup
data/messidor/images/cropped_image34prime.png,data/messidor/labels/cropped_staple_cd_image34prime.png,messidor,0.7382705211639404,0.5851258635520935,cup
data/messidor/images/cropped_image367prime.png,data/messidor/labels/cropped_staple_cd_image367prime.png,messidor,0.9536557793617249,0.9114168882369995,cup
data/messidor/images/cropped_image383prime.png,data/messidor/labels/cropped_staple_cd_image383prime.png,messidor,0.9347449541091919,0.8774846792221069,cup
data/messidor/images/cropped_image147prime.png,data/messidor/labels/cropped_staple_cd_image147prime.png,messidor,0.971856415271759,0.9452535510063171,cup
data/messidor/images/cropped_image300prime.png,data/messidor/labels/cropped_staple_cd_image300prime.png,messidor,0.9620365500450134,0.9268501400947571,cup
data/messidor/images/cropped_image93prime.png,data/messidor/labels/cropped_staple_cd_image93prime.png,messidor,0.942794144153595,0.8917791247367859,cup
data/messidor/images/cropped_image163prime.png,data/messidor/labels/cropped_staple_cd_image163prime.png,messidor,0.8731998801231384,0.7749376893043518,cup
data/messidor/images/cropped_image236prime.png,data/messidor/labels/cropped_staple_cd_image236prime.png,messidor,0.8096903562545776,0.6802350878715515,cup
data/messidor/images/cropped_image417prime.png,data/messidor/labels/cropped_staple_cd_image417prime.png,messidor,0.8005954027175903,0.6674940586090088,cup
data/messidor/images/cropped_image440prime.png,data/messidor/labels/cropped_staple_cd_image440prime.png,messidor,0.8660076856613159,0.7636803388595581,cup
data/messidor/images/cropped_image19prime.png,data/messidor/labels/cropped_staple_cd_image19prime.png,messidor,0.9581708312034607,0.9197005033493042,cup
data/messidor/images/cropped_image77prime.png,data/messidor/labels/cropped_staple_cd_image77prime.png,messidor,0.9735518097877502,0.9484665989875793,cup
data/messidor/images/cropped_image281prime.png,data/messidor/labels/cropped_staple_cd_image281prime.png,messidor,0.9370805025100708,0.881610095500946,cup
data/messidor/images/cropped_image321prime.png,data/messidor/labels/cropped_staple_cd_image321prime.png,messidor,0.8613450527191162,0.7564583420753479,cup
data/messidor/images/cropped_image269prime.png,data/messidor/labels/cropped_staple_cd_image269prime.png,messidor,0.9510655999183655,0.9066969752311707,cup
data/binrushed/images/cropped_br3_image22prime.png,data/binrushed/labels/cropped_staple_cd_br3_image22prime.png,binrushed,0.8278689980506897,0.7062939405441284,cup
data/binrushed/images/cropped_br2_image38prime.png,data/binrushed/labels/cropped_staple_cd_br2_image38prime.png,binrushed,0.951449990272522,0.9073958396911621,cup
data/binrushed/images/cropped_br1_image12prime.png,data/binrushed/labels/cropped_staple_cd_br1_image12prime.png,binrushed,0.9570048451423645,0.917554497718811,cup
data/binrushed/images/cropped_br2_image9prime.png,data/binrushed/labels/cropped_staple_cd_br2_image9prime.png,binrushed,0.9206057786941528,0.8528911471366882,cup
data/binrushed/images/cropped_br4_image50prime.png,data/binrushed/labels/cropped_staple_cd_br4_image50prime.png,binrushed,0.8293682336807251,0.7084792256355286,cup
data/binrushed/images/cropped_br2_image17prime.png,data/binrushed/labels/cropped_staple_cd_br2_image17prime.png,binrushed,0.9524110555648804,0.9091457724571228,cup
data/binrushed/images/cropped_br1_image40prime.png,data/binrushed/labels/cropped_staple_cd_br1_image40prime.png,binrushed,0.9010636806488037,0.8199416399002075,cup
data/binrushed/images/cropped_br3_image37prime.png,data/binrushed/labels/cropped_staple_cd_br3_image37prime.png,binrushed,0.9280449748039246,0.8657498955726624,cup
data/binrushed/images/cropped_br3_image41prime.png,data/binrushed/labels/cropped_staple_cd_br3_image41prime.png,binrushed,0.9217950105667114,0.854934811592102,cup
data/binrushed/images/cropped_br1_image6prime.png,data/binrushed/labels/cropped_staple_cd_br1_image6prime.png,binrushed,0.7097763419151306,0.5501188039779663,cup
data/binrushed/images/cropped_br1_image31prime.png,data/binrushed/labels/cropped_staple_cd_br1_image31prime.png,binrushed,0.9734221696853638,0.9482204914093018,cup
data/binrushed/images/cropped_br4_image24prime.png,data/binrushed/labels/cropped_staple_cd_br4_image24prime.png,binrushed,0.9443112015724182,0.8944977521896362,cup
data/binrushed/images/cropped_br4_image31prime.png,data/binrushed/labels/cropped_staple_cd_br4_image31prime.png,binrushed,0.954276978969574,0.9125523567199707,cup
data/binrushed/images/cropped_br2_image44prime.png,data/binrushed/labels/cropped_staple_cd_br2_image44prime.png,binrushed,0.9442398548126221,0.8943696618080139,cup
data/binrushed/images/cropped_br1_image27prime.png,data/binrushed/labels/cropped_staple_cd_br1_image27prime.png,binrushed,0.906030535697937,0.8282046318054199,cup
data/binrushed/images/cropped_br4_image40prime.png,data/binrushed/labels/cropped_staple_cd_br4_image40prime.png,binrushed,0.91867995262146,0.8495911955833435,cup
data/binrushed/images/cropped_br1_image17prime.png,data/binrushed/labels/cropped_staple_cd_br1_image17prime.png,binrushed,0.9475591778755188,0.9003444314002991,cup
data/binrushed/images/cropped_br1_image20prime.png,data/binrushed/labels/cropped_staple_cd_br1_image20prime.png,binrushed,0.8878616690635681,0.798337459564209,cup
data/binrushed/images/cropped_br4_image7prime.png,data/binrushed/labels/cropped_staple_cd_br4_image7prime.png,binrushed,0.9367216229438782,0.8809749484062195,cup
data/binrushed/images/cropped_br2_image36prime.png,data/binrushed/labels/cropped_staple_cd_br2_image36prime.png,binrushed,0.8865160942077637,0.7961642742156982,cup
